Song;Chord
9_to_5;[B]
9_to_5;[B]
9_to_5;[B]
9_to_5;[B]
9_to_5;[B]
9_to_5;[B]
9_to_5;[B]
9_to_5;[B]
9_to_5;[B]
9_to_5;[B]
9_to_5;[B]
9_to_5;[B]
9_to_5;[B]
9_to_5;[B]
9_to_5;[B]
9_to_5;[B]
9_to_5;[F]
ain_t_no_sunshine;[Am]
ain_t_no_sunshine;[Am]
ain_t_no_sunshine;[Am]
ain_t_no_sunshine;[Am]
ain_t_no_sunshine;[Am]
ain_t_no_sunshine;[Am]
ain_t_no_sunshine;[Am]
ain_t_no_sunshine;[Am]
ain_t_no_sunshine;[Am]
ain_t_no_sunshine;[Am]
ain_t_no_sunshine;[Am]
ain_t_no_sunshine;[Am]
ain_t_no_sunshine;[Am]
ain_t_no_sunshine;[Am]
ain_t_no_sunshine;[Am]
ain_t_no_sunshine;[Am]
ain_t_no_sunshine;[Am]
ain_t_no_sunshine;[Am]
ain_t_no_sunshine;[Am]
ain_t_no_sunshine;[Am]
ain_t_no_sunshine;[Am]
ain_t_no_sunshine;[Am]
ain_t_no_sunshine;[Am]
ain_t_no_sunshine;[Am]
ain_t_no_sunshine;[Am]
ain_t_no_sunshine;[Am]
ain_t_no_sunshine;[Dm]
ain_t_no_sunshine;[Dm]
ain_t_no_sunshine;[Dm]
ain_t_no_sunshine;[Em]
ain_t_no_sunshine;[Em]
ain_t_no_sunshine;[Em]
ain_t_no_sunshine;[Em]
ain_t_no_sunshine;[Em]
ain_t_no_sunshine;[Em]
ain_t_no_sunshine;[Em]
ain_t_no_sunshine;[Em]
ain_t_no_sunshine;[Em]
ain_t_no_sunshine;[Em]
ain_t_no_sunshine;[Em]
ain_t_no_sunshine;[Em]
ain_t_no_sunshine;[Em]
ain_t_no_sunshine;[Em]
ain_t_no_sunshine;[Em]
ain_t_no_sunshine;[Em]
ain_t_no_sunshine;[G]
ain_t_no_sunshine;[G]
ain_t_no_sunshine;[G]
ain_t_no_sunshine;[G]
ain_t_no_sunshine;[G]
ain_t_no_sunshine;[G]
ain_t_no_sunshine;[G]
ain_t_no_sunshine;[G]
ain_t_no_sunshine;[G]
ain_t_no_sunshine;[G]
ain_t_no_sunshine;[G]
ain_t_no_sunshine;[G]
ain_t_no_sunshine;[G]
all_my_loving;[Am]
all_my_loving;[Am]
all_my_loving;[Am]
all_my_loving;[Am]
all_my_loving;[Am]
all_my_loving;[Am]
all_my_loving;[Am]
all_my_loving;[Am]
all_my_loving;[Bb]
all_my_loving;[Bb]
all_my_loving;[Bb]
all_my_loving;[C]
all_my_loving;[C]
all_my_loving;[C]
all_my_loving;[C]
all_my_loving;[C]
all_my_loving;[C]
all_my_loving;[C]
all_my_loving;[C]
all_my_loving;[C]
all_my_loving;[C]
all_my_loving;[C]
all_my_loving;[C]
all_my_loving;[C]
all_my_loving;[C]
all_my_loving;[C]
all_my_loving;[C]
all_my_loving;[C]
all_my_loving;[C]
all_my_loving;[C]
all_my_loving;[C]
all_my_loving;[C]
all_my_loving;[Dm]
all_my_loving;[Dm]
all_my_loving;[Dm]
all_my_loving;[Dm]
all_my_loving;[Dm]
all_my_loving;[Dm]
all_my_loving;[Dm]
all_my_loving;[Dm]
all_my_loving;[Dm]
all_my_loving;[Dm]
all_my_loving;[F]
all_my_loving;[F]
all_my_loving;[F]
all_my_loving;[F]
all_my_loving;[F]
all_my_loving;[F]
all_my_loving;[F]
all_my_loving;[G]
all_my_loving;[G7]
all_my_loving;[G7]
all_my_loving;[G7]
all_my_loving;[G7]
all_my_loving;[G7]
all_my_loving;[G7]
all_my_loving;[G7]
all_my_loving;[G7]
all_my_loving;[G7]
all_my_loving;[G7]
all_my_loving;[G7]
all_my_loving;[G7]
all_my_loving;[G7]
can_i_kick_it_;[C]
can_i_kick_it_;[C]
can_i_kick_it_;[C]
can_i_kick_it_;[C]
can_i_kick_it_;[C]
can_i_kick_it_;[C]
can_i_kick_it_;[C]
can_i_kick_it_;[C]
can_i_kick_it_;[C]
can_i_kick_it_;[C]
can_i_kick_it_;[C]
can_i_kick_it_;[C]
can_i_kick_it_;[C]
can_i_kick_it_;[C]
can_i_kick_it_;[C]
can_i_kick_it_;[C]
can_i_kick_it_;[C]
can_i_kick_it_;[C]
can_i_kick_it_;[C]
can_i_kick_it_;[C]
can_i_kick_it_;[C]
can_i_kick_it_;[C]
can_i_kick_it_;[C]
can_i_kick_it_;[C]
can_i_kick_it_;[C]
can_i_kick_it_;[C]
can_i_kick_it_;[C]
can_i_kick_it_;[C]
can_i_kick_it_;[C]
can_i_kick_it_;[F]
can_i_kick_it_;[F]
can_i_kick_it_;[F]
can_i_kick_it_;[F]
can_i_kick_it_;[F]
can_i_kick_it_;[F]
can_i_kick_it_;[F]
can_i_kick_it_;[F]
can_i_kick_it_;[F]
can_i_kick_it_;[F]
can_i_kick_it_;[F]
can_i_kick_it_;[F]
can_i_kick_it_;[F]
can_i_kick_it_;[F]
can_i_kick_it_;[F]
can_i_kick_it_;[F]
can_i_kick_it_;[F]
can_i_kick_it_;[F]
can_i_kick_it_;[F]
can_i_kick_it_;[F]
can_i_kick_it_;[F]
can_i_kick_it_;[F]
can_i_kick_it_;[F]
can_i_kick_it_;[F]
can_i_kick_it_;[F]
can_i_kick_it_;[F]
can_i_kick_it_;[G]
dirty_old_town;[Am]
dirty_old_town;[Am]
dirty_old_town;[Bm]
dirty_old_town;[C]
dirty_old_town;[C]
dirty_old_town;[C]
dirty_old_town;[C]
dirty_old_town;[C]
dirty_old_town;[C]
dirty_old_town;[C]
dirty_old_town;[D]
dirty_old_town;[D]
dirty_old_town;[D]
dirty_old_town;[D]
dirty_old_town;[D]
dirty_old_town;[D]
dirty_old_town;[D]
dirty_old_town;[Em7]
dirty_old_town;[Em7]
dirty_old_town;[Em7]
dirty_old_town;[Em7]
dirty_old_town;[Em7]
dirty_old_town;[Em7]
dirty_old_town;[Em7]
dirty_old_town;[F]
dirty_old_town;[G]
dirty_old_town;[G]
dirty_old_town;[G]
dirty_old_town;[G]
dirty_old_town;[G]
dirty_old_town;[G]
dirty_old_town;[G]
dirty_old_town;[G]
dirty_old_town;[G]
dirty_old_town;[G]
dirty_old_town;[G]
dirty_old_town;[G]
echo_beach;[Am]
echo_beach;[Am]
echo_beach;[Am]
echo_beach;[Am]
echo_beach;[Am]
echo_beach;[Am]
echo_beach;[Am]
echo_beach;[Am]
echo_beach;[Am]
echo_beach;[Am]
echo_beach;[Am]
echo_beach;[Am]
echo_beach;[Am]
echo_beach;[Am]
echo_beach;[Am]
echo_beach;[Am]
echo_beach;[Am]
echo_beach;[Am]
echo_beach;[Am]
echo_beach;[Am]
echo_beach;[Am]
echo_beach;[Am]
echo_beach;[Am]
echo_beach;[Bflat]
echo_beach;[C]
echo_beach;[C]
echo_beach;[C]
echo_beach;[C]
echo_beach;[C]
echo_beach;[C]
echo_beach;[C]
echo_beach;[C]
echo_beach;[C]
echo_beach;[D]
echo_beach;[D]
echo_beach;[D]
echo_beach;[D]
echo_beach;[D]
echo_beach;[D]
echo_beach;[D]
echo_beach;[D]
echo_beach;[D]
echo_beach;[D]
echo_beach;[D]
echo_beach;[D]
echo_beach;[D]
echo_beach;[D]
echo_beach;[D]
echo_beach;[D]
echo_beach;[D]
echo_beach;[D]
echo_beach;[D]
echo_beach;[D]
echo_beach;[Em]
echo_beach;[Em]
echo_beach;[Em]
echo_beach;[Em]
echo_beach;[Em]
echo_beach;[Em]
echo_beach;[Em]
echo_beach;[Em]
echo_beach;[Em]
echo_beach;[Em]
echo_beach;[Em]
echo_beach;[Em]
echo_beach;[Em]
echo_beach;[Em]
echo_beach;[Em]
echo_beach;[F]
echo_beach;[F]
echo_beach;[F]
echo_beach;[F]
echo_beach;[G]
echo_beach;[G]
echo_beach;[G]
echo_beach;[G]
echo_beach;[G]
echo_beach;[G]
echo_beach;[G]
echo_beach;[G]
echo_beach;[G]
echo_beach;[G]
echo_beach;[G]
enjoy_yourself_(it_s_later_than_you_think);[A7]
enjoy_yourself_(it_s_later_than_you_think);[A7]
enjoy_yourself_(it_s_later_than_you_think);[C]
enjoy_yourself_(it_s_later_than_you_think);[C]
enjoy_yourself_(it_s_later_than_you_think);[C]
enjoy_yourself_(it_s_later_than_you_think);[C]
enjoy_yourself_(it_s_later_than_you_think);[C]
enjoy_yourself_(it_s_later_than_you_think);[C]
enjoy_yourself_(it_s_later_than_you_think);[C]
enjoy_yourself_(it_s_later_than_you_think);[C]
enjoy_yourself_(it_s_later_than_you_think);[C]
enjoy_yourself_(it_s_later_than_you_think);[C]
enjoy_yourself_(it_s_later_than_you_think);[C]
enjoy_yourself_(it_s_later_than_you_think);[C]
enjoy_yourself_(it_s_later_than_you_think);[C]
enjoy_yourself_(it_s_later_than_you_think);[D]
enjoy_yourself_(it_s_later_than_you_think);[D]
enjoy_yourself_(it_s_later_than_you_think);[D]
enjoy_yourself_(it_s_later_than_you_think);[D]
enjoy_yourself_(it_s_later_than_you_think);[D]
enjoy_yourself_(it_s_later_than_you_think);[F]
enjoy_yourself_(it_s_later_than_you_think);[F]
enjoy_yourself_(it_s_later_than_you_think);[F]
enjoy_yourself_(it_s_later_than_you_think);[G]
enjoy_yourself_(it_s_later_than_you_think);[G7]
enjoy_yourself_(it_s_later_than_you_think);[G7]
enjoy_yourself_(it_s_later_than_you_think);[G7]
enjoy_yourself_(it_s_later_than_you_think);[G7]
enjoy_yourself_(it_s_later_than_you_think);[G7]
enjoy_yourself_(it_s_later_than_you_think);[G7]
everyone_thinks_he_looks_daft;[A]
everyone_thinks_he_looks_daft;[A]
everyone_thinks_he_looks_daft;[A]
everyone_thinks_he_looks_daft;[A]
everyone_thinks_he_looks_daft;[A]
everyone_thinks_he_looks_daft;[A]
everyone_thinks_he_looks_daft;[A]
everyone_thinks_he_looks_daft;[A]
everyone_thinks_he_looks_daft;[A]
everyone_thinks_he_looks_daft;[A]
everyone_thinks_he_looks_daft;[A]
everyone_thinks_he_looks_daft;[A]
everyone_thinks_he_looks_daft;[A]
everyone_thinks_he_looks_daft;[A]
everyone_thinks_he_looks_daft;[A]
everyone_thinks_he_looks_daft;[A]
everyone_thinks_he_looks_daft;[A]
everyone_thinks_he_looks_daft;[A]
everyone_thinks_he_looks_daft;[A]
everyone_thinks_he_looks_daft;[A]
everyone_thinks_he_looks_daft;[A]
everyone_thinks_he_looks_daft;[A]
everyone_thinks_he_looks_daft;[A]
everyone_thinks_he_looks_daft;[A]
everyone_thinks_he_looks_daft;[A]
everyone_thinks_he_looks_daft;[A]
everyone_thinks_he_looks_daft;[A]
everyone_thinks_he_looks_daft;[A]
everyone_thinks_he_looks_daft;[A]
everyone_thinks_he_looks_daft;[A]
everyone_thinks_he_looks_daft;[A]
everyone_thinks_he_looks_daft;[A]
everyone_thinks_he_looks_daft;[A]
everyone_thinks_he_looks_daft;[A]
everyone_thinks_he_looks_daft;[A]
everyone_thinks_he_looks_daft;[A]
everyone_thinks_he_looks_daft;[A]
everyone_thinks_he_looks_daft;[A]
everyone_thinks_he_looks_daft;[D]
everyone_thinks_he_looks_daft;[D]
everyone_thinks_he_looks_daft;[D]
everyone_thinks_he_looks_daft;[D]
everyone_thinks_he_looks_daft;[D]
everyone_thinks_he_looks_daft;[D]
everyone_thinks_he_looks_daft;[D]
everyone_thinks_he_looks_daft;[D]
everyone_thinks_he_looks_daft;[D]
everyone_thinks_he_looks_daft;[D]
everyone_thinks_he_looks_daft;[D]
everyone_thinks_he_looks_daft;[D]
everyone_thinks_he_looks_daft;[D]
everyone_thinks_he_looks_daft;[D]
everyone_thinks_he_looks_daft;[D]
everyone_thinks_he_looks_daft;[D]
everyone_thinks_he_looks_daft;[D]
everyone_thinks_he_looks_daft;[D]
everyone_thinks_he_looks_daft;[D]
everyone_thinks_he_looks_daft;[D]
everyone_thinks_he_looks_daft;[D]
everyone_thinks_he_looks_daft;[D]
everyone_thinks_he_looks_daft;[D]
everyone_thinks_he_looks_daft;[D]
everyone_thinks_he_looks_daft;[D]
everyone_thinks_he_looks_daft;[D]
everyone_thinks_he_looks_daft;[D]
everyone_thinks_he_looks_daft;[D]
everyone_thinks_he_looks_daft;[D]
everyone_thinks_he_looks_daft;[D]
everyone_thinks_he_looks_daft;[D]
everyone_thinks_he_looks_daft;[D]
everyone_thinks_he_looks_daft;[D]
everyone_thinks_he_looks_daft;[D]
everyone_thinks_he_looks_daft;[D]
everyone_thinks_he_looks_daft;[D]
everyone_thinks_he_looks_daft;[D]
everyone_thinks_he_looks_daft;[D]
everyone_thinks_he_looks_daft;[D]
everyone_thinks_he_looks_daft;[D]
everyone_thinks_he_looks_daft;[D]
everyone_thinks_he_looks_daft;[D]
everyone_thinks_he_looks_daft;[D]
everyone_thinks_he_looks_daft;[D]
everyone_thinks_he_looks_daft;[D]
everyone_thinks_he_looks_daft;[D]
everyone_thinks_he_looks_daft;[D]
everyone_thinks_he_looks_daft;[D]
everyone_thinks_he_looks_daft;[D]
everyone_thinks_he_looks_daft;[D]
everyone_thinks_he_looks_daft;[D]
everyone_thinks_he_looks_daft;[D]
everyone_thinks_he_looks_daft;[D]
everyone_thinks_he_looks_daft;[D]
everyone_thinks_he_looks_daft;[D]
everyone_thinks_he_looks_daft;[D]
everyone_thinks_he_looks_daft;[D]
everyone_thinks_he_looks_daft;[D]
everyone_thinks_he_looks_daft;[D]
everyone_thinks_he_looks_daft;[D]
everyone_thinks_he_looks_daft;[D]
everyone_thinks_he_looks_daft;[D]
everyone_thinks_he_looks_daft;[D]
everyone_thinks_he_looks_daft;[D]
everyone_thinks_he_looks_daft;[D]
everyone_thinks_he_looks_daft;[D]
everyone_thinks_he_looks_daft;[D]
everyone_thinks_he_looks_daft;[D]
everyone_thinks_he_looks_daft;[D]
everyone_thinks_he_looks_daft;[D]
everyone_thinks_he_looks_daft;[E]
everyone_thinks_he_looks_daft;[G]
everyone_thinks_he_looks_daft;[G]
everyone_thinks_he_looks_daft;[G]
everyone_thinks_he_looks_daft;[G]
everyone_thinks_he_looks_daft;[G]
everyone_thinks_he_looks_daft;[G]
everyone_thinks_he_looks_daft;[G]
everyone_thinks_he_looks_daft;[G]
everyone_thinks_he_looks_daft;[G]
everyone_thinks_he_looks_daft;[G]
everyone_thinks_he_looks_daft;[G]
everyone_thinks_he_looks_daft;[G]
everyone_thinks_he_looks_daft;[G]
everyone_thinks_he_looks_daft;[G]
everyone_thinks_he_looks_daft;[G]
everyone_thinks_he_looks_daft;[G]
everyone_thinks_he_looks_daft;[G]
everyone_thinks_he_looks_daft;[G]
everyone_thinks_he_looks_daft;[G]
everyone_thinks_he_looks_daft;[G]
everyone_thinks_he_looks_daft;[G]
everyone_thinks_he_looks_daft;[G]
everyone_thinks_he_looks_daft;[G]
everyone_thinks_he_looks_daft;[G]
everyone_thinks_he_looks_daft;[G]
everyone_thinks_he_looks_daft;[G]
everyone_thinks_he_looks_daft;[G]
everyone_thinks_he_looks_daft;[G]
everyone_thinks_he_looks_daft;[G]
everyone_thinks_he_looks_daft;[G]
everyone_thinks_he_looks_daft;[G]
everyone_thinks_he_looks_daft;[G]
everyone_thinks_he_looks_daft;[G]
everyone_thinks_he_looks_daft;[G]
everyone_thinks_he_looks_daft;[G]
everyone_thinks_he_looks_daft;[G]
everyone_thinks_he_looks_daft;[G]
everyone_thinks_he_looks_daft;[G]
everyone_thinks_he_looks_daft;[G]
everyone_thinks_he_looks_daft;[G]
everyone_thinks_he_looks_daft;[G]
everyone_thinks_he_looks_daft;[G]
everyone_thinks_he_looks_daft;[G]
everyone_thinks_he_looks_daft;[G]
everyone_thinks_he_looks_daft;[G]
everyone_thinks_he_looks_daft;[G]
everyone_thinks_he_looks_daft;[G]
everyone_thinks_he_looks_daft;[G]
feel_good_hit_of_the_summer;[A]
feel_good_hit_of_the_summer;[A]
feel_good_hit_of_the_summer;[A]
feel_good_hit_of_the_summer;[A]
feel_good_hit_of_the_summer;[A]
feel_good_hit_of_the_summer;[A]
feel_good_hit_of_the_summer;[A]
feel_good_hit_of_the_summer;[A]
feel_good_hit_of_the_summer;[A]
feel_good_hit_of_the_summer;[A]
feel_good_hit_of_the_summer;[A]
feel_good_hit_of_the_summer;[A]
feel_good_hit_of_the_summer;[A]
feel_good_hit_of_the_summer;[A]
feel_good_hit_of_the_summer;[A]
feel_good_hit_of_the_summer;[A]
feel_good_hit_of_the_summer;[A]
feel_good_hit_of_the_summer;[A]
feel_good_hit_of_the_summer;[A]
feel_good_hit_of_the_summer;[A]
feel_good_hit_of_the_summer;[C]
feel_good_hit_of_the_summer;[C]
feel_good_hit_of_the_summer;[C]
feel_good_hit_of_the_summer;[C]
feel_good_hit_of_the_summer;[C]
feel_good_hit_of_the_summer;[C]
feel_good_hit_of_the_summer;[C]
feel_good_hit_of_the_summer;[C]
feel_good_hit_of_the_summer;[C]
feel_good_hit_of_the_summer;[C]
feel_good_hit_of_the_summer;[C]
hallelujah;[Am]
hallelujah;[Am]
hallelujah;[Am]
hallelujah;[Am]
hallelujah;[Am]
hallelujah;[Am]
hallelujah;[Am]
hallelujah;[Am]
hallelujah;[Am]
hallelujah;[Am]
hallelujah;[Am]
hallelujah;[Am]
hallelujah;[Am]
hallelujah;[Am]
hallelujah;[Am]
hallelujah;[Am]
hallelujah;[Am]
hallelujah;[Am]
hallelujah;[Am]
hallelujah;[Am]
hallelujah;[Am]
hallelujah;[Am]
hallelujah;[Am]
hallelujah;[Am]
hallelujah;[Am]
hallelujah;[Am]
hallelujah;[C]
hallelujah;[C]
hallelujah;[C]
hallelujah;[C]
hallelujah;[C]
hallelujah;[C]
hallelujah;[C]
hallelujah;[C]
hallelujah;[C]
hallelujah;[C]
hallelujah;[C]
hallelujah;[C]
hallelujah;[C]
hallelujah;[C]
hallelujah;[C]
hallelujah;[C]
hallelujah;[C]
hallelujah;[C]
hallelujah;[C]
hallelujah;[C]
hallelujah;[C]
hallelujah;[C]
hallelujah;[C]
hallelujah;[C]
hallelujah;[C]
hallelujah;[C]
hallelujah;[C]
hallelujah;[E7]
hallelujah;[E7]
hallelujah;[E7]
hallelujah;[E7]
hallelujah;[E7]
hallelujah;[F]
hallelujah;[F]
hallelujah;[F]
hallelujah;[F]
hallelujah;[F]
hallelujah;[F]
hallelujah;[F]
hallelujah;[F]
hallelujah;[F]
hallelujah;[F]
hallelujah;[F]
hallelujah;[F]
hallelujah;[F]
hallelujah;[F]
hallelujah;[F]
hallelujah;[F]
hallelujah;[F]
hallelujah;[F]
hallelujah;[F]
hallelujah;[G]
hallelujah;[G]
hallelujah;[G]
hallelujah;[G]
hallelujah;[G]
hallelujah;[G]
hallelujah;[G]
hallelujah;[G]
hallelujah;[G]
hallelujah;[G]
hallelujah;[G]
hallelujah;[G]
hallelujah;[G]
hallelujah;[G]
hallelujah;[G]
hallelujah;[G]
hallelujah;[G]
hallelujah;[G]
hallelujah;[G]
hallelujah;[G]
hallelujah;[G]
hallelujah;[G]
i_get_around;[A]
i_get_around;[A]
i_get_around;[A]
i_get_around;[A]
i_get_around;[A]
i_get_around;[A]
i_get_around;[A]
i_get_around;[A]
i_get_around;[A]
i_get_around;[A]
i_get_around;[Ab]
i_get_around;[Ab]
i_get_around;[Ab]
i_get_around;[Ab]
i_get_around;[Ab]
i_get_around;[Am]
i_get_around;[Am]
i_get_around;[Am]
i_get_around;[Bb]
i_get_around;[Bb]
i_get_around;[Bb]
i_get_around;[Bb]
i_get_around;[Bb]
i_get_around;[Bb]
i_get_around;[Bb]
i_get_around;[Bb]
i_get_around;[Bbm]
i_get_around;[Bbm]
i_get_around;[Bbm]
i_get_around;[D]
i_get_around;[D]
i_get_around;[D]
i_get_around;[D]
i_get_around;[D]
i_get_around;[D]
i_get_around;[D]
i_get_around;[D]
i_get_around;[D]
i_get_around;[D]
i_get_around;[D]
i_get_around;[D]
i_get_around;[E7]
i_get_around;[E7]
i_get_around;[E7]
i_get_around;[E7]
i_get_around;[E7]
i_get_around;[Eb]
i_get_around;[Eb]
i_get_around;[Eb]
i_get_around;[Eb]
i_get_around;[Eb]
i_get_around;[Eb]
i_get_around;[Eb]
i_get_around;[Eb]
i_get_around;[Eb]
i_get_around;[Eb]
i_get_around;[Eb]
i_get_around;[Eb]
i_get_around;[F]
i_get_around;[F]
i_get_around;[F]
i_get_around;[F]
i_get_around;[F7]
i_get_around;[F7]
i_get_around;[F7]
i_get_around;[F7]
i_get_around;[G]
i_get_around;[G]
i_get_around;[G]
i_get_around;[G]
joy_division_oven_gloves;[A]
joy_division_oven_gloves;[A]
joy_division_oven_gloves;[A]
joy_division_oven_gloves;[A]
joy_division_oven_gloves;[A]
joy_division_oven_gloves;[A]
joy_division_oven_gloves;[A]
joy_division_oven_gloves;[A]
joy_division_oven_gloves;[A]
joy_division_oven_gloves;[A]
joy_division_oven_gloves;[A]
joy_division_oven_gloves;[A]
joy_division_oven_gloves;[A]
joy_division_oven_gloves;[A]
joy_division_oven_gloves;[A]
joy_division_oven_gloves;[A]
joy_division_oven_gloves;[A]
joy_division_oven_gloves;[A]
joy_division_oven_gloves;[A]
joy_division_oven_gloves;[A]
joy_division_oven_gloves;[A]
joy_division_oven_gloves;[A]
joy_division_oven_gloves;[A]
joy_division_oven_gloves;[A]
joy_division_oven_gloves;[A]
joy_division_oven_gloves;[A]
joy_division_oven_gloves;[A]
joy_division_oven_gloves;[A]
joy_division_oven_gloves;[A]
joy_division_oven_gloves;[A]
joy_division_oven_gloves;[A]
joy_division_oven_gloves;[A]
joy_division_oven_gloves;[A]
joy_division_oven_gloves;[A]
joy_division_oven_gloves;[A]
joy_division_oven_gloves;[A]
joy_division_oven_gloves;[A]
joy_division_oven_gloves;[A]
joy_division_oven_gloves;[A]
joy_division_oven_gloves;[A]
joy_division_oven_gloves;[Bb]
joy_division_oven_gloves;[Bb]
joy_division_oven_gloves;[Bb]
joy_division_oven_gloves;[Bb]
joy_division_oven_gloves;[D]
joy_division_oven_gloves;[D]
joy_division_oven_gloves;[D]
joy_division_oven_gloves;[D]
joy_division_oven_gloves;[D]
joy_division_oven_gloves;[D]
joy_division_oven_gloves;[D]
joy_division_oven_gloves;[D]
joy_division_oven_gloves;[D]
joy_division_oven_gloves;[D]
joy_division_oven_gloves;[D]
joy_division_oven_gloves;[D]
joy_division_oven_gloves;[D]
joy_division_oven_gloves;[D]
joy_division_oven_gloves;[D]
joy_division_oven_gloves;[D]
joy_division_oven_gloves;[D]
joy_division_oven_gloves;[D]
joy_division_oven_gloves;[D]
joy_division_oven_gloves;[D]
joy_division_oven_gloves;[D]
joy_division_oven_gloves;[D]
joy_division_oven_gloves;[D]
joy_division_oven_gloves;[D]
joy_division_oven_gloves;[D]
joy_division_oven_gloves;[D]
joy_division_oven_gloves;[D]
joy_division_oven_gloves;[D]
joy_division_oven_gloves;[D]
joy_division_oven_gloves;[D]
joy_division_oven_gloves;[D]
joy_division_oven_gloves;[D]
joy_division_oven_gloves;[D]
joy_division_oven_gloves;[D]
joy_division_oven_gloves;[D]
joy_division_oven_gloves;[D]
joy_division_oven_gloves;[D]
joy_division_oven_gloves;[D]
joy_division_oven_gloves;[D]
joy_division_oven_gloves;[D]
joy_division_oven_gloves;[Eb]
joy_division_oven_gloves;[Eb]
joy_division_oven_gloves;[G]
joy_division_oven_gloves;[G]
joy_division_oven_gloves;[G]
joy_division_oven_gloves;[G]
joy_division_oven_gloves;[G]
joy_division_oven_gloves;[G]
joy_division_oven_gloves;[G]
joy_division_oven_gloves;[G]
maybe_tomorrow_(the_littlest_hobo);[Am]
maybe_tomorrow_(the_littlest_hobo);[Am]
maybe_tomorrow_(the_littlest_hobo);[Am]
maybe_tomorrow_(the_littlest_hobo);[Am]
maybe_tomorrow_(the_littlest_hobo);[Am]
maybe_tomorrow_(the_littlest_hobo);[Am]
maybe_tomorrow_(the_littlest_hobo);[Bb]
maybe_tomorrow_(the_littlest_hobo);[Bb]
maybe_tomorrow_(the_littlest_hobo);[Bb]
maybe_tomorrow_(the_littlest_hobo);[Bb]
maybe_tomorrow_(the_littlest_hobo);[Bb]
maybe_tomorrow_(the_littlest_hobo);[Bb]
maybe_tomorrow_(the_littlest_hobo);[Bb]
maybe_tomorrow_(the_littlest_hobo);[Bb]
maybe_tomorrow_(the_littlest_hobo);[Bb]
maybe_tomorrow_(the_littlest_hobo);[Bb]
maybe_tomorrow_(the_littlest_hobo);[Bb]
maybe_tomorrow_(the_littlest_hobo);[Bb]
maybe_tomorrow_(the_littlest_hobo);[Bb]
maybe_tomorrow_(the_littlest_hobo);[Bb]
maybe_tomorrow_(the_littlest_hobo);[Bb]
maybe_tomorrow_(the_littlest_hobo);[Bb]
maybe_tomorrow_(the_littlest_hobo);[Bb]
maybe_tomorrow_(the_littlest_hobo);[Bb]
maybe_tomorrow_(the_littlest_hobo);[C]
maybe_tomorrow_(the_littlest_hobo);[C]
maybe_tomorrow_(the_littlest_hobo);[C]
maybe_tomorrow_(the_littlest_hobo);[C]
maybe_tomorrow_(the_littlest_hobo);[C]
maybe_tomorrow_(the_littlest_hobo);[C]
maybe_tomorrow_(the_littlest_hobo);[C]
maybe_tomorrow_(the_littlest_hobo);[C]
maybe_tomorrow_(the_littlest_hobo);[C]
maybe_tomorrow_(the_littlest_hobo);[C]
maybe_tomorrow_(the_littlest_hobo);[C]
maybe_tomorrow_(the_littlest_hobo);[C]
maybe_tomorrow_(the_littlest_hobo);[C]
maybe_tomorrow_(the_littlest_hobo);[C]
maybe_tomorrow_(the_littlest_hobo);[C]
maybe_tomorrow_(the_littlest_hobo);[C]
maybe_tomorrow_(the_littlest_hobo);[C]
maybe_tomorrow_(the_littlest_hobo);[C]
maybe_tomorrow_(the_littlest_hobo);[C]
maybe_tomorrow_(the_littlest_hobo);[C]
maybe_tomorrow_(the_littlest_hobo);[Dm]
maybe_tomorrow_(the_littlest_hobo);[Dm]
maybe_tomorrow_(the_littlest_hobo);[Dm]
maybe_tomorrow_(the_littlest_hobo);[Dm]
maybe_tomorrow_(the_littlest_hobo);[Dm]
maybe_tomorrow_(the_littlest_hobo);[Dm]
maybe_tomorrow_(the_littlest_hobo);[Dm]
maybe_tomorrow_(the_littlest_hobo);[Dm]
maybe_tomorrow_(the_littlest_hobo);[Dm]
maybe_tomorrow_(the_littlest_hobo);[Dm]
maybe_tomorrow_(the_littlest_hobo);[Dm]
maybe_tomorrow_(the_littlest_hobo);[Dm]
maybe_tomorrow_(the_littlest_hobo);[Dm]
maybe_tomorrow_(the_littlest_hobo);[Dm]
maybe_tomorrow_(the_littlest_hobo);[F]
maybe_tomorrow_(the_littlest_hobo);[F]
maybe_tomorrow_(the_littlest_hobo);[F]
maybe_tomorrow_(the_littlest_hobo);[F]
maybe_tomorrow_(the_littlest_hobo);[F]
maybe_tomorrow_(the_littlest_hobo);[F]
maybe_tomorrow_(the_littlest_hobo);[F]
maybe_tomorrow_(the_littlest_hobo);[F]
maybe_tomorrow_(the_littlest_hobo);[F]
maybe_tomorrow_(the_littlest_hobo);[F]
maybe_tomorrow_(the_littlest_hobo);[F]
maybe_tomorrow_(the_littlest_hobo);[F]
maybe_tomorrow_(the_littlest_hobo);[F]
maybe_tomorrow_(the_littlest_hobo);[F]
maybe_tomorrow_(the_littlest_hobo);[F]
maybe_tomorrow_(the_littlest_hobo);[F]
maybe_tomorrow_(the_littlest_hobo);[F]
maybe_tomorrow_(the_littlest_hobo);[F]
maybe_tomorrow_(the_littlest_hobo);[F]
maybe_tomorrow_(the_littlest_hobo);[F]
maybe_tomorrow_(the_littlest_hobo);[F]
maybe_tomorrow_(the_littlest_hobo);[F]
maybe_tomorrow_(the_littlest_hobo);[F]
maybe_tomorrow_(the_littlest_hobo);[F]
maybe_tomorrow_(the_littlest_hobo);[F]
maybe_tomorrow_(the_littlest_hobo);[Gm]
maybe_tomorrow_(the_littlest_hobo);[Gm]
maybe_tomorrow_(the_littlest_hobo);[Gm]
maybe_tomorrow_(the_littlest_hobo);[Gm]
maybe_tomorrow_(the_littlest_hobo);[Gm]
maybe_tomorrow_(the_littlest_hobo);[Gm]
maybe_tomorrow_(the_littlest_hobo);[Gm]
maybe_tomorrow_(the_littlest_hobo);[Gm]
maybe_tomorrow_(the_littlest_hobo);[Gm]
maybe_tomorrow_(the_littlest_hobo);[Gm]
maybe_tomorrow_(the_littlest_hobo);[Gm]
maybe_tomorrow_(the_littlest_hobo);[Gm]
mother_what_ll_i_do_now_;[A7]
mother_what_ll_i_do_now_;[A7]
mother_what_ll_i_do_now_;[A7]
mother_what_ll_i_do_now_;[A7]
mother_what_ll_i_do_now_;[A7]
mother_what_ll_i_do_now_;[A7]
mother_what_ll_i_do_now_;[A7]
mother_what_ll_i_do_now_;[A7]
mother_what_ll_i_do_now_;[A7]
mother_what_ll_i_do_now_;[A7]
mother_what_ll_i_do_now_;[A7]
mother_what_ll_i_do_now_;[A7]
mother_what_ll_i_do_now_;[A7]
mother_what_ll_i_do_now_;[A7]
mother_what_ll_i_do_now_;[A7]
mother_what_ll_i_do_now_;[A7]
mother_what_ll_i_do_now_;[A7]
mother_what_ll_i_do_now_;[A7]
mother_what_ll_i_do_now_;[Ab7]
mother_what_ll_i_do_now_;[Ab7]
mother_what_ll_i_do_now_;[Ab7]
mother_what_ll_i_do_now_;[Ab7]
mother_what_ll_i_do_now_;[Ab7]
mother_what_ll_i_do_now_;[Ab7]
mother_what_ll_i_do_now_;[Ab7]
mother_what_ll_i_do_now_;[Ab7]
mother_what_ll_i_do_now_;[Ab7]
mother_what_ll_i_do_now_;[Ab7]
mother_what_ll_i_do_now_;[Ab7]
mother_what_ll_i_do_now_;[Am]
mother_what_ll_i_do_now_;[C]
mother_what_ll_i_do_now_;[C]
mother_what_ll_i_do_now_;[C]
mother_what_ll_i_do_now_;[C]
mother_what_ll_i_do_now_;[C]
mother_what_ll_i_do_now_;[C]
mother_what_ll_i_do_now_;[C]
mother_what_ll_i_do_now_;[C]
mother_what_ll_i_do_now_;[C]
mother_what_ll_i_do_now_;[C]
mother_what_ll_i_do_now_;[C]
mother_what_ll_i_do_now_;[C]
mother_what_ll_i_do_now_;[C]
mother_what_ll_i_do_now_;[C]
mother_what_ll_i_do_now_;[C]
mother_what_ll_i_do_now_;[C]
mother_what_ll_i_do_now_;[C]
mother_what_ll_i_do_now_;[C]
mother_what_ll_i_do_now_;[C]
mother_what_ll_i_do_now_;[C]
mother_what_ll_i_do_now_;[C]
mother_what_ll_i_do_now_;[C]
mother_what_ll_i_do_now_;[C]
mother_what_ll_i_do_now_;[C]
mother_what_ll_i_do_now_;[C]
mother_what_ll_i_do_now_;[C]
mother_what_ll_i_do_now_;[C]
mother_what_ll_i_do_now_;[C]
mother_what_ll_i_do_now_;[C]
mother_what_ll_i_do_now_;[C]
mother_what_ll_i_do_now_;[C]
mother_what_ll_i_do_now_;[C]
mother_what_ll_i_do_now_;[C]
mother_what_ll_i_do_now_;[C]
mother_what_ll_i_do_now_;[C]
mother_what_ll_i_do_now_;[C]
mother_what_ll_i_do_now_;[C]
mother_what_ll_i_do_now_;[C]
mother_what_ll_i_do_now_;[C]
mother_what_ll_i_do_now_;[C]
mother_what_ll_i_do_now_;[C]
mother_what_ll_i_do_now_;[C]
mother_what_ll_i_do_now_;[C]
mother_what_ll_i_do_now_;[C]
mother_what_ll_i_do_now_;[C7]
mother_what_ll_i_do_now_;[C7]
mother_what_ll_i_do_now_;[C7]
mother_what_ll_i_do_now_;[C7]
mother_what_ll_i_do_now_;[C7]
mother_what_ll_i_do_now_;[C7]
mother_what_ll_i_do_now_;[C7]
mother_what_ll_i_do_now_;[C7]
mother_what_ll_i_do_now_;[C7]
mother_what_ll_i_do_now_;[C7]
mother_what_ll_i_do_now_;[C7]
mother_what_ll_i_do_now_;[C7]
mother_what_ll_i_do_now_;[C7]
mother_what_ll_i_do_now_;[D7]
mother_what_ll_i_do_now_;[D7]
mother_what_ll_i_do_now_;[D7]
mother_what_ll_i_do_now_;[D7]
mother_what_ll_i_do_now_;[D7]
mother_what_ll_i_do_now_;[D7]
mother_what_ll_i_do_now_;[D7]
mother_what_ll_i_do_now_;[D7]
mother_what_ll_i_do_now_;[D7]
mother_what_ll_i_do_now_;[D7]
mother_what_ll_i_do_now_;[D7]
mother_what_ll_i_do_now_;[D7]
mother_what_ll_i_do_now_;[D7]
mother_what_ll_i_do_now_;[Dm]
mother_what_ll_i_do_now_;[Dm]
mother_what_ll_i_do_now_;[Dm]
mother_what_ll_i_do_now_;[Dm]
mother_what_ll_i_do_now_;[Dm]
mother_what_ll_i_do_now_;[Dm]
mother_what_ll_i_do_now_;[Dm]
mother_what_ll_i_do_now_;[Dm]
mother_what_ll_i_do_now_;[Dm]
mother_what_ll_i_do_now_;[E7]
mother_what_ll_i_do_now_;[F]
mother_what_ll_i_do_now_;[F]
mother_what_ll_i_do_now_;[F]
mother_what_ll_i_do_now_;[F]
mother_what_ll_i_do_now_;[F]
mother_what_ll_i_do_now_;[F]
mother_what_ll_i_do_now_;[F]
mother_what_ll_i_do_now_;[F]
mother_what_ll_i_do_now_;[F]
mother_what_ll_i_do_now_;[F]
mother_what_ll_i_do_now_;[F]
mother_what_ll_i_do_now_;[F]
mother_what_ll_i_do_now_;[F]
mother_what_ll_i_do_now_;[G7]
mother_what_ll_i_do_now_;[G7]
mother_what_ll_i_do_now_;[G7]
mother_what_ll_i_do_now_;[G7]
mother_what_ll_i_do_now_;[G7]
mother_what_ll_i_do_now_;[G7]
mother_what_ll_i_do_now_;[G7]
mother_what_ll_i_do_now_;[G7]
mother_what_ll_i_do_now_;[G7]
mother_what_ll_i_do_now_;[G7]
mother_what_ll_i_do_now_;[G7]
mother_what_ll_i_do_now_;[G7]
mother_what_ll_i_do_now_;[G7]
mother_what_ll_i_do_now_;[G7]
mother_what_ll_i_do_now_;[G7]
mother_what_ll_i_do_now_;[G7]
mother_what_ll_i_do_now_;[G7]
mother_what_ll_i_do_now_;[G7]
mother_what_ll_i_do_now_;[G7]
mother_what_ll_i_do_now_;[G7]
mother_what_ll_i_do_now_;[G7]
mother_what_ll_i_do_now_;[G7]
mother_what_ll_i_do_now_;[G7]
mother_what_ll_i_do_now_;[G7]
mother_what_ll_i_do_now_;[G7]
mother_what_ll_i_do_now_;[G7]
mother_what_ll_i_do_now_;[G7]
mother_what_ll_i_do_now_;[G7]
mother_what_ll_i_do_now_;[G7]
mother_what_ll_i_do_now_;[G7]
mother_what_ll_i_do_now_;[G7]
mother_what_ll_i_do_now_;[G7]
mother_what_ll_i_do_now_;[G7]
mother_what_ll_i_do_now_;[G7]
mother_what_ll_i_do_now_;[G7]
mother_what_ll_i_do_now_;[G7]
mother_what_ll_i_do_now_;[G7]
mother_what_ll_i_do_now_;[G7]
nancy_boy;[C]
nancy_boy;[C]
nancy_boy;[C]
nancy_boy;[C]
nancy_boy;[C]
nancy_boy;[C]
nancy_boy;[C]
nancy_boy;[C]
nancy_boy;[D]
nancy_boy;[D]
nancy_boy;[G]
nancy_boy;[G]
nancy_boy;[G]
nancy_boy;[G]
nancy_boy;[G]
nancy_boy;[G]
nancy_boy;[G]
nancy_boy;[G]
nancy_boy;[G]
nancy_boy;[G]
nancy_boy;[G7]
night_boat_to_cairo;[Am]
night_boat_to_cairo;[Am]
night_boat_to_cairo;[Am]
night_boat_to_cairo;[Am]
night_boat_to_cairo;[Am]
night_boat_to_cairo;[Am]
night_boat_to_cairo;[Am]
night_boat_to_cairo;[Am]
night_boat_to_cairo;[Am]
night_boat_to_cairo;[Am]
night_boat_to_cairo;[Am]
night_boat_to_cairo;[Am]
night_boat_to_cairo;[Am]
night_boat_to_cairo;[Am]
night_boat_to_cairo;[Am]
night_boat_to_cairo;[Am]
night_boat_to_cairo;[Am]
night_boat_to_cairo;[Am]
night_boat_to_cairo;[Am]
night_boat_to_cairo;[Am]
night_boat_to_cairo;[Am]
night_boat_to_cairo;[Am]
night_boat_to_cairo;[Am]
night_boat_to_cairo;[Am]
night_boat_to_cairo;[Am]
night_boat_to_cairo;[Am]
night_boat_to_cairo;[Am]
night_boat_to_cairo;[Am]
night_boat_to_cairo;[B]
night_boat_to_cairo;[B]
night_boat_to_cairo;[B]
night_boat_to_cairo;[B]
night_boat_to_cairo;[B]
night_boat_to_cairo;[B]
night_boat_to_cairo;[B]
night_boat_to_cairo;[B]
night_boat_to_cairo;[B]
night_boat_to_cairo;[B]
night_boat_to_cairo;[B]
night_boat_to_cairo;[B]
night_boat_to_cairo;[B]
night_boat_to_cairo;[B]
night_boat_to_cairo;[B]
night_boat_to_cairo;[B]
night_boat_to_cairo;[B]
night_boat_to_cairo;[B]
night_boat_to_cairo;[B]
night_boat_to_cairo;[B]
night_boat_to_cairo;[B]
night_boat_to_cairo;[B]
night_boat_to_cairo;[B]
night_boat_to_cairo;[B]
night_boat_to_cairo;[B]
night_boat_to_cairo;[B]
night_boat_to_cairo;[B]
night_boat_to_cairo;[B]
night_boat_to_cairo;[B]
night_boat_to_cairo;[B]
night_boat_to_cairo;[B]
night_boat_to_cairo;[C7]
night_boat_to_cairo;[C7]
night_boat_to_cairo;[C7]
night_boat_to_cairo;[D]
night_boat_to_cairo;[D]
night_boat_to_cairo;[D]
night_boat_to_cairo;[Db]
night_boat_to_cairo;[Db]
night_boat_to_cairo;[Db]
night_boat_to_cairo;[Em]
night_boat_to_cairo;[Em]
night_boat_to_cairo;[Em]
night_boat_to_cairo;[Em]
night_boat_to_cairo;[Em]
night_boat_to_cairo;[Em]
night_boat_to_cairo;[Em]
night_boat_to_cairo;[Em]
night_boat_to_cairo;[Em]
night_boat_to_cairo;[Em]
night_boat_to_cairo;[Em]
night_boat_to_cairo;[Em]
night_boat_to_cairo;[Gm]
night_boat_to_cairo;[Gm]
night_boat_to_cairo;[Gm]
night_boat_to_cairo;[Gm]
night_boat_to_cairo;[Gm]
night_boat_to_cairo;[Gm]
night_bus_to_balham;[Am]
night_bus_to_balham;[Am]
night_bus_to_balham;[Am]
night_bus_to_balham;[Am]
night_bus_to_balham;[Am]
night_bus_to_balham;[Am]
night_bus_to_balham;[Am]
night_bus_to_balham;[Am]
night_bus_to_balham;[Am]
night_bus_to_balham;[Am]
night_bus_to_balham;[Am]
night_bus_to_balham;[Am]
night_bus_to_balham;[Am]
night_bus_to_balham;[Am]
night_bus_to_balham;[Am]
night_bus_to_balham;[Am]
night_bus_to_balham;[Am]
night_bus_to_balham;[Am]
night_bus_to_balham;[Am]
night_bus_to_balham;[Am]
night_bus_to_balham;[Am]
night_bus_to_balham;[Am]
night_bus_to_balham;[Am]
night_bus_to_balham;[Am]
night_bus_to_balham;[Am]
night_bus_to_balham;[Am]
night_bus_to_balham;[Am]
night_bus_to_balham;[Am]
night_bus_to_balham;[B]
night_bus_to_balham;[B]
night_bus_to_balham;[B]
night_bus_to_balham;[B]
night_bus_to_balham;[B]
night_bus_to_balham;[B]
night_bus_to_balham;[B]
night_bus_to_balham;[B]
night_bus_to_balham;[B]
night_bus_to_balham;[B]
night_bus_to_balham;[B]
night_bus_to_balham;[B]
night_bus_to_balham;[B]
night_bus_to_balham;[B]
night_bus_to_balham;[B]
night_bus_to_balham;[B]
night_bus_to_balham;[B]
night_bus_to_balham;[B]
night_bus_to_balham;[B]
night_bus_to_balham;[B]
night_bus_to_balham;[B]
night_bus_to_balham;[B]
night_bus_to_balham;[B]
night_bus_to_balham;[B]
night_bus_to_balham;[B]
night_bus_to_balham;[B]
night_bus_to_balham;[B]
night_bus_to_balham;[B]
night_bus_to_balham;[B]
night_bus_to_balham;[B]
night_bus_to_balham;[B]
night_bus_to_balham;[C7]
night_bus_to_balham;[C7]
night_bus_to_balham;[C7]
night_bus_to_balham;[D]
night_bus_to_balham;[D]
night_bus_to_balham;[D]
night_bus_to_balham;[Db]
night_bus_to_balham;[Db]
night_bus_to_balham;[Db]
night_bus_to_balham;[Em]
night_bus_to_balham;[Em]
night_bus_to_balham;[Em]
night_bus_to_balham;[Em]
night_bus_to_balham;[Em]
night_bus_to_balham;[Em]
night_bus_to_balham;[Em]
night_bus_to_balham;[Em]
night_bus_to_balham;[Em]
night_bus_to_balham;[Em]
night_bus_to_balham;[Em]
night_bus_to_balham;[Em]
night_bus_to_balham;[Gm]
night_bus_to_balham;[Gm]
night_bus_to_balham;[Gm]
night_bus_to_balham;[Gm]
night_bus_to_balham;[Gm]
night_bus_to_balham;[Gm]
paint_it_black;[A7]
paint_it_black;[A7]
paint_it_black;[A7]
paint_it_black;[A7]
paint_it_black;[A7]
paint_it_black;[A7]
paint_it_black;[A7]
paint_it_black;[A7]
paint_it_black;[A7]
paint_it_black;[A7]
paint_it_black;[A7]
paint_it_black;[A7]
paint_it_black;[A7]
paint_it_black;[A7]
paint_it_black;[A7]
paint_it_black;[A7]
paint_it_black;[A7]
paint_it_black;[A7]
paint_it_black;[A7]
paint_it_black;[A7]
paint_it_black;[A7sus4]
paint_it_black;[A7sus4]
paint_it_black;[A7sus4]
paint_it_black;[A7sus4]
paint_it_black;[A7sus4]
paint_it_black;[A7sus4]
paint_it_black;[A7sus4]
paint_it_black;[A7sus4]
paint_it_black;[A7sus4]
paint_it_black;[A7sus4]
paint_it_black;[A7sus4]
paint_it_black;[A7sus4]
paint_it_black;[A7sus4]
paint_it_black;[A7sus4]
paint_it_black;[A7sus4]
paint_it_black;[C]
paint_it_black;[C]
paint_it_black;[C]
paint_it_black;[C]
paint_it_black;[C]
paint_it_black;[C]
paint_it_black;[C]
paint_it_black;[C]
paint_it_black;[C]
paint_it_black;[C]
paint_it_black;[C]
paint_it_black;[C]
paint_it_black;[C]
paint_it_black;[C]
paint_it_black;[C]
paint_it_black;[C]
paint_it_black;[C]
paint_it_black;[C]
paint_it_black;[C]
paint_it_black;[C]
paint_it_black;[Dm]
paint_it_black;[Dm]
paint_it_black;[Dm]
paint_it_black;[Dm]
paint_it_black;[Dm]
paint_it_black;[Dm]
paint_it_black;[Dm]
paint_it_black;[Dm]
paint_it_black;[Dm]
paint_it_black;[Dm]
paint_it_black;[Dm]
paint_it_black;[Dm]
paint_it_black;[Dm]
paint_it_black;[Dm]
paint_it_black;[Dm]
paint_it_black;[Dm]
paint_it_black;[Dm]
paint_it_black;[Dm]
paint_it_black;[Dm]
paint_it_black;[Dm]
paint_it_black;[Dm]
paint_it_black;[Dm]
paint_it_black;[Dm]
paint_it_black;[Dm]
paint_it_black;[Dm]
paint_it_black;[Dm]
paint_it_black;[Dm]
paint_it_black;[Dm]
paint_it_black;[F]
paint_it_black;[F]
paint_it_black;[F]
paint_it_black;[F]
paint_it_black;[F]
paint_it_black;[F]
paint_it_black;[F]
paint_it_black;[F]
paint_it_black;[F]
paint_it_black;[F]
paint_it_black;[G]
paint_it_black;[G]
paint_it_black;[G]
paint_it_black;[G]
paint_it_black;[G]
raining_in_my_heart;[A7]
raining_in_my_heart;[A7]
raining_in_my_heart;[Am7]
raining_in_my_heart;[Am7]
raining_in_my_heart;[Am7]
raining_in_my_heart;[Am7]
raining_in_my_heart;[Am7]
raining_in_my_heart;[Am7]
raining_in_my_heart;[Am7]
raining_in_my_heart;[Am7]
raining_in_my_heart;[Am7]
raining_in_my_heart;[Am7]
raining_in_my_heart;[C]
raining_in_my_heart;[C]
raining_in_my_heart;[C]
raining_in_my_heart;[C]
raining_in_my_heart;[C]
raining_in_my_heart;[C]
raining_in_my_heart;[C]
raining_in_my_heart;[C]
raining_in_my_heart;[C]
raining_in_my_heart;[Cma7]
raining_in_my_heart;[Cma7]
raining_in_my_heart;[D]
raining_in_my_heart;[D]
raining_in_my_heart;[D]
raining_in_my_heart;[D]
raining_in_my_heart;[D7]
raining_in_my_heart;[D7]
raining_in_my_heart;[D7]
raining_in_my_heart;[D7]
raining_in_my_heart;[D7]
raining_in_my_heart;[D7]
raining_in_my_heart;[D7]
raining_in_my_heart;[D7]
raining_in_my_heart;[Dm]
raining_in_my_heart;[Dm]
raining_in_my_heart;[Em]
raining_in_my_heart;[Em]
raining_in_my_heart;[Em]
raining_in_my_heart;[Em]
raining_in_my_heart;[Em]
raining_in_my_heart;[Em]
raining_in_my_heart;[Em]
raining_in_my_heart;[Em]
raining_in_my_heart;[Em7]
raining_in_my_heart;[Em7]
raining_in_my_heart;[Em7]
raining_in_my_heart;[Em7]
raining_in_my_heart;[Em7]
raining_in_my_heart;[Em7]
raining_in_my_heart;[Em7]
raining_in_my_heart;[Em7]
raining_in_my_heart;[Em7]
raining_in_my_heart;[Em7]
raining_in_my_heart;[Em7]
raining_in_my_heart;[G]
raining_in_my_heart;[G]
raining_in_my_heart;[G]
raining_in_my_heart;[G]
raining_in_my_heart;[G]
raining_in_my_heart;[G]
raining_in_my_heart;[G]
raining_in_my_heart;[G]
raining_in_my_heart;[G]
raining_in_my_heart;[G]
raining_in_my_heart;[G]
raining_in_my_heart;[G]
raining_in_my_heart;[G]
raining_in_my_heart;[G]
raining_in_my_heart;[G]
raining_in_my_heart;[G]
raining_in_my_heart;[G7]
raining_in_my_heart;[G7]
raining_in_my_heart;[G7]
raining_in_my_heart;[G7]
raining_in_my_heart;[G7]
raining_in_my_heart;[G7]
raining_in_my_heart;[G7]
raining_in_my_heart;[G7]
raining_in_my_heart;[Gma7]
raining_in_my_heart;[Gma7]
raining_in_my_heart;[Gma7]
raining_in_my_heart;[Gma7]
rock_around_the_clock;[A]
rock_around_the_clock;[A]
rock_around_the_clock;[A]
rock_around_the_clock;[A]
rock_around_the_clock;[A]
rock_around_the_clock;[A]
rock_around_the_clock;[A]
rock_around_the_clock;[A]
rock_around_the_clock;[A]
rock_around_the_clock;[A]
rock_around_the_clock;[A]
rock_around_the_clock;[A]
rock_around_the_clock;[A]
rock_around_the_clock;[A]
rock_around_the_clock;[A]
rock_around_the_clock;[A]
rock_around_the_clock;[A]
rock_around_the_clock;[A]
rock_around_the_clock;[A]
rock_around_the_clock;[A]
rock_around_the_clock;[A]
rock_around_the_clock;[A]
rock_around_the_clock;[A]
rock_around_the_clock;[A]
rock_around_the_clock;[A]
rock_around_the_clock;[A]
rock_around_the_clock;[D7]
rock_around_the_clock;[D7]
rock_around_the_clock;[D7]
rock_around_the_clock;[D7]
rock_around_the_clock;[D7]
rock_around_the_clock;[D7]
rock_around_the_clock;[D7]
rock_around_the_clock;[E7]
rock_around_the_clock;[E7]
rock_around_the_clock;[E7]
rock_around_the_clock;[E7]
rock_around_the_clock;[E7]
rock_around_the_clock;[E7]
rock_around_the_clock;[E7]
rock_around_the_clock;[E7]
should_i_stay_or_should_i_go_;[A]
should_i_stay_or_should_i_go_;[A]
should_i_stay_or_should_i_go_;[A]
should_i_stay_or_should_i_go_;[A]
should_i_stay_or_should_i_go_;[A]
should_i_stay_or_should_i_go_;[A]
should_i_stay_or_should_i_go_;[A]
should_i_stay_or_should_i_go_;[D]
should_i_stay_or_should_i_go_;[D]
should_i_stay_or_should_i_go_;[D]
should_i_stay_or_should_i_go_;[D]
should_i_stay_or_should_i_go_;[D]
should_i_stay_or_should_i_go_;[D]
should_i_stay_or_should_i_go_;[D]
should_i_stay_or_should_i_go_;[D]
should_i_stay_or_should_i_go_;[D]
should_i_stay_or_should_i_go_;[D]
should_i_stay_or_should_i_go_;[D]
should_i_stay_or_should_i_go_;[D]
should_i_stay_or_should_i_go_;[D]
should_i_stay_or_should_i_go_;[D]
should_i_stay_or_should_i_go_;[D]
should_i_stay_or_should_i_go_;[D]
should_i_stay_or_should_i_go_;[D]
should_i_stay_or_should_i_go_;[D]
should_i_stay_or_should_i_go_;[D]
should_i_stay_or_should_i_go_;[D]
should_i_stay_or_should_i_go_;[D]
should_i_stay_or_should_i_go_;[D]
should_i_stay_or_should_i_go_;[D]
should_i_stay_or_should_i_go_;[D]
should_i_stay_or_should_i_go_;[D]
should_i_stay_or_should_i_go_;[D]
should_i_stay_or_should_i_go_;[D]
should_i_stay_or_should_i_go_;[D]
should_i_stay_or_should_i_go_;[D]
should_i_stay_or_should_i_go_;[D]
should_i_stay_or_should_i_go_;[D]
should_i_stay_or_should_i_go_;[D]
should_i_stay_or_should_i_go_;[D]
should_i_stay_or_should_i_go_;[D]
should_i_stay_or_should_i_go_;[D]
should_i_stay_or_should_i_go_;[D]
should_i_stay_or_should_i_go_;[D]
should_i_stay_or_should_i_go_;[D]
should_i_stay_or_should_i_go_;[D]
should_i_stay_or_should_i_go_;[D]
should_i_stay_or_should_i_go_;[D]
should_i_stay_or_should_i_go_;[D]
should_i_stay_or_should_i_go_;[D]
should_i_stay_or_should_i_go_;[D]
should_i_stay_or_should_i_go_;[D]
should_i_stay_or_should_i_go_;[D]
should_i_stay_or_should_i_go_;[D]
should_i_stay_or_should_i_go_;[D]
should_i_stay_or_should_i_go_;[D]
should_i_stay_or_should_i_go_;[D]
should_i_stay_or_should_i_go_;[D]
should_i_stay_or_should_i_go_;[D]
should_i_stay_or_should_i_go_;[D]
should_i_stay_or_should_i_go_;[D]
should_i_stay_or_should_i_go_;[F]
should_i_stay_or_should_i_go_;[F]
should_i_stay_or_should_i_go_;[F]
should_i_stay_or_should_i_go_;[F]
should_i_stay_or_should_i_go_;[F]
should_i_stay_or_should_i_go_;[F]
should_i_stay_or_should_i_go_;[F]
should_i_stay_or_should_i_go_;[G]
should_i_stay_or_should_i_go_;[G]
should_i_stay_or_should_i_go_;[G]
should_i_stay_or_should_i_go_;[G]
should_i_stay_or_should_i_go_;[G]
should_i_stay_or_should_i_go_;[G]
should_i_stay_or_should_i_go_;[G]
should_i_stay_or_should_i_go_;[G]
should_i_stay_or_should_i_go_;[G]
should_i_stay_or_should_i_go_;[G]
should_i_stay_or_should_i_go_;[G]
should_i_stay_or_should_i_go_;[G]
should_i_stay_or_should_i_go_;[G]
should_i_stay_or_should_i_go_;[G]
should_i_stay_or_should_i_go_;[G]
should_i_stay_or_should_i_go_;[G]
should_i_stay_or_should_i_go_;[G]
should_i_stay_or_should_i_go_;[G]
should_i_stay_or_should_i_go_;[G]
should_i_stay_or_should_i_go_;[G]
should_i_stay_or_should_i_go_;[G]
should_i_stay_or_should_i_go_;[G]
should_i_stay_or_should_i_go_;[G]
should_i_stay_or_should_i_go_;[G]
should_i_stay_or_should_i_go_;[G]
should_i_stay_or_should_i_go_;[G]
should_i_stay_or_should_i_go_;[G]
should_i_stay_or_should_i_go_;[G]
should_i_stay_or_should_i_go_;[G]
should_i_stay_or_should_i_go_;[G]
should_i_stay_or_should_i_go_;[G]
should_i_stay_or_should_i_go_;[G]
should_i_stay_or_should_i_go_;[G]
should_i_stay_or_should_i_go_;[G]
should_i_stay_or_should_i_go_;[G]
should_i_stay_or_should_i_go_;[G]
should_i_stay_or_should_i_go_;[G]
should_i_stay_or_should_i_go_;[G]
should_i_stay_or_should_i_go_;[G]
should_i_stay_or_should_i_go_;[G]
should_i_stay_or_should_i_go_;[G]
songs_of_love;[Ab]
songs_of_love;[Ab]
songs_of_love;[Ab]
songs_of_love;[Ab]
songs_of_love;[Am]
songs_of_love;[Am]
songs_of_love;[Am]
songs_of_love;[Am]
songs_of_love;[Am]
songs_of_love;[Am]
songs_of_love;[Am]
songs_of_love;[Am]
songs_of_love;[Am]
songs_of_love;[Am]
songs_of_love;[Am]
songs_of_love;[Am7]
songs_of_love;[C]
songs_of_love;[C]
songs_of_love;[C]
songs_of_love;[C]
songs_of_love;[C]
songs_of_love;[C]
songs_of_love;[C]
songs_of_love;[C]
songs_of_love;[C]
songs_of_love;[C]
songs_of_love;[C]
songs_of_love;[C]
songs_of_love;[C]
songs_of_love;[C]
songs_of_love;[C]
songs_of_love;[C]
songs_of_love;[C]
songs_of_love;[D7]
songs_of_love;[D7]
songs_of_love;[D7]
songs_of_love;[D7]
songs_of_love;[D7]
songs_of_love;[D7]
songs_of_love;[Dm]
songs_of_love;[Dm]
songs_of_love;[Dm]
songs_of_love;[Eb]
songs_of_love;[Eb]
songs_of_love;[Eb]
songs_of_love;[F]
songs_of_love;[F]
songs_of_love;[F]
songs_of_love;[F]
songs_of_love;[F]
songs_of_love;[F]
songs_of_love;[F]
songs_of_love;[F]
songs_of_love;[F]
songs_of_love;[F]
songs_of_love;[F]
songs_of_love;[F]
songs_of_love;[F]
songs_of_love;[F]
songs_of_love;[F]
songs_of_love;[F]
songs_of_love;[F]
songs_of_love;[G]
songs_of_love;[G]
songs_of_love;[G]
songs_of_love;[G]
songs_of_love;[G]
songs_of_love;[G]
songs_of_love;[G]
songs_of_love;[G]
songs_of_love;[G]
songs_of_love;[G]
songs_of_love;[G]
songs_of_love;[G]
songs_of_love;[G]
songs_of_love;[G]
songs_of_love;[G]
songs_of_love;[G]
the_shoop_shoop_song;[Am]
the_shoop_shoop_song;[Am]
the_shoop_shoop_song;[Am]
the_shoop_shoop_song;[Am]
the_shoop_shoop_song;[Am]
the_shoop_shoop_song;[Am]
the_shoop_shoop_song;[C]
the_shoop_shoop_song;[C]
the_shoop_shoop_song;[C]
the_shoop_shoop_song;[C]
the_shoop_shoop_song;[C]
the_shoop_shoop_song;[C]
the_shoop_shoop_song;[C]
the_shoop_shoop_song;[C]
the_shoop_shoop_song;[C]
the_shoop_shoop_song;[C]
the_shoop_shoop_song;[C]
the_shoop_shoop_song;[C]
the_shoop_shoop_song;[C]
the_shoop_shoop_song;[C]
the_shoop_shoop_song;[C]
the_shoop_shoop_song;[C]
the_shoop_shoop_song;[D7]
the_shoop_shoop_song;[D7]
the_shoop_shoop_song;[Dm]
the_shoop_shoop_song;[Dm]
the_shoop_shoop_song;[Dm]
the_shoop_shoop_song;[Dm]
the_shoop_shoop_song;[Dm]
the_shoop_shoop_song;[Dm]
the_shoop_shoop_song;[Dm]
the_shoop_shoop_song;[Dm]
the_shoop_shoop_song;[Dm]
the_shoop_shoop_song;[Dm]
the_shoop_shoop_song;[Dm]
the_shoop_shoop_song;[Dm]
the_shoop_shoop_song;[Dm]
the_shoop_shoop_song;[Dm]
the_shoop_shoop_song;[Dm]
the_shoop_shoop_song;[Dm]
the_shoop_shoop_song;[Dm]
the_shoop_shoop_song;[Dm]
the_shoop_shoop_song;[E7]
the_shoop_shoop_song;[E7]
the_shoop_shoop_song;[F]
the_shoop_shoop_song;[F]
the_shoop_shoop_song;[F]
the_shoop_shoop_song;[F]
the_shoop_shoop_song;[F]
the_shoop_shoop_song;[F]
the_shoop_shoop_song;[F]
the_shoop_shoop_song;[F]
the_shoop_shoop_song;[F]
the_shoop_shoop_song;[F]
the_shoop_shoop_song;[F]
the_shoop_shoop_song;[F]
the_shoop_shoop_song;[F]
the_shoop_shoop_song;[F]
the_shoop_shoop_song;[G]
the_shoop_shoop_song;[G]
the_shoop_shoop_song;[G]
the_shoop_shoop_song;[G]
the_shoop_shoop_song;[G]
the_shoop_shoop_song;[G]
the_shoop_shoop_song;[G]
the_shoop_shoop_song;[G]
the_shoop_shoop_song;[G]
the_shoop_shoop_song;[G]
the_shoop_shoop_song;[G]
the_shoop_shoop_song;[G]
the_shoop_shoop_song;[G]
the_shoop_shoop_song;[G]
the_shoop_shoop_song;[G]
the_shoop_shoop_song;[G]
the_shoop_shoop_song;[G]
the_shoop_shoop_song;[G]
the_shoop_shoop_song;[G]
the_shoop_shoop_song;[G]
the_shoop_shoop_song;[G]
the_shoop_shoop_song;[G]
the_shoop_shoop_song;[G]
the_shoop_shoop_song;[G]
the_shoop_shoop_song;[G]
the_shoop_shoop_song;[G]
the_shoop_shoop_song;[G]
the_shoop_shoop_song;[G]
the_shoop_shoop_song;[G]
the_shoop_shoop_song;[G]
the_shoop_shoop_song;[G]
the_shoop_shoop_song;[G]
the_shoop_shoop_song;[G]
the_times_they_are_a-changin_;[Am]
the_times_they_are_a-changin_;[Am]
the_times_they_are_a-changin_;[Am]
the_times_they_are_a-changin_;[Am]
the_times_they_are_a-changin_;[Am]
the_times_they_are_a-changin_;[C]
the_times_they_are_a-changin_;[C]
the_times_they_are_a-changin_;[C]
the_times_they_are_a-changin_;[C]
the_times_they_are_a-changin_;[C]
the_times_they_are_a-changin_;[C]
the_times_they_are_a-changin_;[C]
the_times_they_are_a-changin_;[C]
the_times_they_are_a-changin_;[C]
the_times_they_are_a-changin_;[C]
the_times_they_are_a-changin_;[C]
the_times_they_are_a-changin_;[C]
the_times_they_are_a-changin_;[C]
the_times_they_are_a-changin_;[C]
the_times_they_are_a-changin_;[C]
the_times_they_are_a-changin_;[C]
the_times_they_are_a-changin_;[C]
the_times_they_are_a-changin_;[C]
the_times_they_are_a-changin_;[C]
the_times_they_are_a-changin_;[C]
the_times_they_are_a-changin_;[C]
the_times_they_are_a-changin_;[C]
the_times_they_are_a-changin_;[C]
the_times_they_are_a-changin_;[C]
the_times_they_are_a-changin_;[C]
the_times_they_are_a-changin_;[D]
the_times_they_are_a-changin_;[D]
the_times_they_are_a-changin_;[D]
the_times_they_are_a-changin_;[D]
the_times_they_are_a-changin_;[D]
the_times_they_are_a-changin_;[D]
the_times_they_are_a-changin_;[D]
the_times_they_are_a-changin_;[D]
the_times_they_are_a-changin_;[D]
the_times_they_are_a-changin_;[D]
the_times_they_are_a-changin_;[D]
the_times_they_are_a-changin_;[D]
the_times_they_are_a-changin_;[D]
the_times_they_are_a-changin_;[D]
the_times_they_are_a-changin_;[D]
the_times_they_are_a-changin_;[D]
the_times_they_are_a-changin_;[D]
the_times_they_are_a-changin_;[D]
the_times_they_are_a-changin_;[D]
the_times_they_are_a-changin_;[D]
the_times_they_are_a-changin_;[D]
the_times_they_are_a-changin_;[D]
the_times_they_are_a-changin_;[D]
the_times_they_are_a-changin_;[D]
the_times_they_are_a-changin_;[D]
the_times_they_are_a-changin_;[Em]
the_times_they_are_a-changin_;[Em]
the_times_they_are_a-changin_;[Em]
the_times_they_are_a-changin_;[Em]
the_times_they_are_a-changin_;[Em]
the_times_they_are_a-changin_;[Em]
the_times_they_are_a-changin_;[Em]
the_times_they_are_a-changin_;[Em]
the_times_they_are_a-changin_;[Em]
the_times_they_are_a-changin_;[Em]
the_times_they_are_a-changin_;[Em]
the_times_they_are_a-changin_;[Em]
the_times_they_are_a-changin_;[Em]
the_times_they_are_a-changin_;[Em]
the_times_they_are_a-changin_;[Em]
the_times_they_are_a-changin_;[G]
the_times_they_are_a-changin_;[G]
the_times_they_are_a-changin_;[G]
the_times_they_are_a-changin_;[G]
the_times_they_are_a-changin_;[G]
the_times_they_are_a-changin_;[G]
the_times_they_are_a-changin_;[G]
the_times_they_are_a-changin_;[G]
the_times_they_are_a-changin_;[G]
the_times_they_are_a-changin_;[G]
the_times_they_are_a-changin_;[G]
the_times_they_are_a-changin_;[G]
the_times_they_are_a-changin_;[G]
the_times_they_are_a-changin_;[G]
the_times_they_are_a-changin_;[G]
the_times_they_are_a-changin_;[G]
the_times_they_are_a-changin_;[G]
the_times_they_are_a-changin_;[G]
the_times_they_are_a-changin_;[G]
the_times_they_are_a-changin_;[G]
the_times_they_are_a-changin_;[G]
the_times_they_are_a-changin_;[G]
the_times_they_are_a-changin_;[G]
the_times_they_are_a-changin_;[G]
the_times_they_are_a-changin_;[G]
the_times_they_are_a-changin_;[G]
the_times_they_are_a-changin_;[G]
the_times_they_are_a-changin_;[G]
the_times_they_are_a-changin_;[G]
the_times_they_are_a-changin_;[G]
the_times_they_are_a-changin_;[G]
the_times_they_are_a-changin_;[G]
the_times_they_are_a-changin_;[G]
the_times_they_are_a-changin_;[G]
the_times_they_are_a-changin_;[G]
the_times_they_are_a-changin_;[G]
the_times_they_are_a-changin_;[G]
the_times_they_are_a-changin_;[G]
the_times_they_are_a-changin_;[G]
the_times_they_are_a-changin_;[G]
the_times_they_are_a-changin_;[G]
the_times_they_are_a-changin_;[G]
the_times_they_are_a-changin_;[G]
the_times_they_are_a-changin_;[G]
the_times_they_are_a-changin_;[G]
walkin__after_midnight;[C]
walkin__after_midnight;[C]
walkin__after_midnight;[C]
walkin__after_midnight;[C]
walkin__after_midnight;[C]
walkin__after_midnight;[C]
walkin__after_midnight;[C]
walkin__after_midnight;[C]
walkin__after_midnight;[C]
walkin__after_midnight;[C]
walkin__after_midnight;[C]
walkin__after_midnight;[C7]
walkin__after_midnight;[C7]
walkin__after_midnight;[C7]
walkin__after_midnight;[C7]
walkin__after_midnight;[Dm]
walkin__after_midnight;[Dm]
walkin__after_midnight;[Dm]
walkin__after_midnight;[F]
walkin__after_midnight;[F]
walkin__after_midnight;[F]
walkin__after_midnight;[F]
walkin__after_midnight;[F]
walkin__after_midnight;[F]
walkin__after_midnight;[F]
walkin__after_midnight;[F]
walkin__after_midnight;[G7]
walkin__after_midnight;[G7]
walkin__after_midnight;[G7]
walkin__after_midnight;[G7]
walkin__after_midnight;[G7]
walkin__after_midnight;[G7]
walkin__after_midnight;[G7]
walkin__after_midnight;[G7]
yoshimi_battles_the_pink_robots_pt__1;[C]
yoshimi_battles_the_pink_robots_pt__1;[C]
yoshimi_battles_the_pink_robots_pt__1;[C]
yoshimi_battles_the_pink_robots_pt__1;[C]
yoshimi_battles_the_pink_robots_pt__1;[C]
yoshimi_battles_the_pink_robots_pt__1;[C]
yoshimi_battles_the_pink_robots_pt__1;[C]
yoshimi_battles_the_pink_robots_pt__1;[C]
yoshimi_battles_the_pink_robots_pt__1;[C]
yoshimi_battles_the_pink_robots_pt__1;[C]
yoshimi_battles_the_pink_robots_pt__1;[C]
yoshimi_battles_the_pink_robots_pt__1;[C]
yoshimi_battles_the_pink_robots_pt__1;[C]
yoshimi_battles_the_pink_robots_pt__1;[C]
yoshimi_battles_the_pink_robots_pt__1;[C]
yoshimi_battles_the_pink_robots_pt__1;[C]
yoshimi_battles_the_pink_robots_pt__1;[C]
yoshimi_battles_the_pink_robots_pt__1;[Dm]
yoshimi_battles_the_pink_robots_pt__1;[Dm]
yoshimi_battles_the_pink_robots_pt__1;[Dm]
yoshimi_battles_the_pink_robots_pt__1;[Dm]
yoshimi_battles_the_pink_robots_pt__1;[Dm]
yoshimi_battles_the_pink_robots_pt__1;[Dm]
yoshimi_battles_the_pink_robots_pt__1;[Dm]
yoshimi_battles_the_pink_robots_pt__1;[Dm]
yoshimi_battles_the_pink_robots_pt__1;[Dm]
yoshimi_battles_the_pink_robots_pt__1;[Dm]
yoshimi_battles_the_pink_robots_pt__1;[Em]
yoshimi_battles_the_pink_robots_pt__1;[Em]
yoshimi_battles_the_pink_robots_pt__1;[Em]
yoshimi_battles_the_pink_robots_pt__1;[Em]
yoshimi_battles_the_pink_robots_pt__1;[Em]
yoshimi_battles_the_pink_robots_pt__1;[Em]
yoshimi_battles_the_pink_robots_pt__1;[Em]
yoshimi_battles_the_pink_robots_pt__1;[Em]
yoshimi_battles_the_pink_robots_pt__1;[Em]
yoshimi_battles_the_pink_robots_pt__1;[Em]
yoshimi_battles_the_pink_robots_pt__1;[Em]
yoshimi_battles_the_pink_robots_pt__1;[Em]
yoshimi_battles_the_pink_robots_pt__1;[Em]
yoshimi_battles_the_pink_robots_pt__1;[Em]
yoshimi_battles_the_pink_robots_pt__1;[Em]
yoshimi_battles_the_pink_robots_pt__1;[Em]
yoshimi_battles_the_pink_robots_pt__1;[F]
yoshimi_battles_the_pink_robots_pt__1;[F]
yoshimi_battles_the_pink_robots_pt__1;[F]
yoshimi_battles_the_pink_robots_pt__1;[F]
yoshimi_battles_the_pink_robots_pt__1;[F]
yoshimi_battles_the_pink_robots_pt__1;[F]
yoshimi_battles_the_pink_robots_pt__1;[F]
yoshimi_battles_the_pink_robots_pt__1;[F]
yoshimi_battles_the_pink_robots_pt__1;[F]
yoshimi_battles_the_pink_robots_pt__1;[F]
yoshimi_battles_the_pink_robots_pt__1;[F]
yoshimi_battles_the_pink_robots_pt__1;[F]
yoshimi_battles_the_pink_robots_pt__1;[F]
yoshimi_battles_the_pink_robots_pt__1;[F]
yoshimi_battles_the_pink_robots_pt__1;[F]
yoshimi_battles_the_pink_robots_pt__1;[F]
yoshimi_battles_the_pink_robots_pt__1;[F]
yoshimi_battles_the_pink_robots_pt__1;[F]
yoshimi_battles_the_pink_robots_pt__1;[G]
yoshimi_battles_the_pink_robots_pt__1;[G]
yoshimi_battles_the_pink_robots_pt__1;[G]
yoshimi_battles_the_pink_robots_pt__1;[G]
yoshimi_battles_the_pink_robots_pt__1;[G]
yoshimi_battles_the_pink_robots_pt__1;[G]
yoshimi_battles_the_pink_robots_pt__1;[G]
yoshimi_battles_the_pink_robots_pt__1;[G]
yoshimi_battles_the_pink_robots_pt__1;[G]
yoshimi_battles_the_pink_robots_pt__1;[G]
yoshimi_battles_the_pink_robots_pt__1;[G]
yoshimi_battles_the_pink_robots_pt__1;[G]
yoshimi_battles_the_pink_robots_pt__1;[G]
yoshimi_battles_the_pink_robots_pt__1;[G]
yoshimi_battles_the_pink_robots_pt__1;[G]
yoshimi_battles_the_pink_robots_pt__1;[G]
yoshimi_battles_the_pink_robots_pt__1;[G]
yoshimi_battles_the_pink_robots_pt__1;[G]
